date_rec|time_rec|username|n
2020-06-01|08:08:23|argonaaut_|48
2020-05-31|12:36:13|factivism2020|46
2020-05-31|11:49:29|argonaaut_|44
2020-05-31|22:25:16|stopriots2020|42
2020-06-01|07:02:00|rareboyfriends|42
2020-05-31|07:56:42|harllls_|40
2020-03-22|09:09:52|argonaaut_|38
2020-05-31|22:27:50|stopriots2020|38
2020-05-29|17:12:48|argonaaut_|37
2020-05-31|09:44:33|argonaaut_|34
2020-05-31|12:56:14|whereareallthe4|34
2020-05-31|22:26:33|stopriots2020|34
2020-06-01|07:22:55|stopriots2020|34
2020-06-01|07:26:02|stopriots2020|34
2020-03-22|09:06:05|argonaaut_|32
2019-12-30|15:46:53|argonaaut_|30
2020-05-31|10:31:51|piggyysmallzz|30
2020-05-31|11:43:03|lilnasx|30
2020-06-01|07:36:14|stopriots2020|30
2020-06-01|13:10:08|kylegriffin1|30
2020-03-22|09:25:41|argonaaut_|29
2018-07-02|17:11:09|gamdomofficial|28
2020-05-31|00:18:29|happyukhei|28
2020-06-01|00:33:41|bidenwarroom|28
2020-06-01|03:41:35|jayswalabhii|28
2020-06-01|07:29:11|stopriots2020|28
2020-05-29|12:46:54|argonaaut_|27
2020-05-29|09:14:19|stopriots2020|26
2020-05-29|17:12:45|argonaaut_|26
2020-05-31|12:13:50|argonaaut_|26
2020-05-31|21:28:03|aaronnarraph|25
2020-05-31|23:47:47|halsey|25
2020-04-27|11:20:53|argonaaut_|24
2020-05-31|05:51:00|elijahdaniel|24
2020-05-31|13:38:17|argonaaut_|24
2020-06-01|09:44:24|argonaaut_|24
2020-03-22|09:32:42|argonaaut_|23
2020-05-27|06:39:23|argonaaut_|23
2020-05-31|05:06:13|uberkryptonian|23
2020-06-01|06:24:06|dsomnibus|23
2018-03-04|12:30:07|twinityth|22
2019-02-22|11:21:50|opdeatheaters|22
2020-03-11|08:19:19|ggkarolinaa|22
2020-04-22|11:33:17|glennkirschner2|22
2020-05-27|10:22:27|iammix24|22
2020-05-29|09:41:55|stopriots2020|22
2020-05-30|12:54:54|argonaaut_|22
2020-05-31|02:01:16|notbalin|22
2020-05-31|09:47:50|argonaaut_|22
2020-05-31|11:57:41|luhraya|22
2020-05-31|15:12:18|youranoncentral|22
2020-05-31|21:19:36|nietomia|22
2020-06-01|09:40:22|argonaaut_|22
2020-02-05|01:41:31|argonaaut_|21
2020-05-29|02:01:51|protestupdatez|21
2020-05-29|17:12:47|argonaaut_|21
2020-05-31|20:56:10|chrisklemens|21
2020-06-01|00:24:40|elijahdaniel|21
2020-06-01|13:16:02|abc|21
2020-05-31|13:47:49|miharbi14042573|20
2020-05-31|16:07:44|argonaaut_|20
2020-06-01|01:35:10|eldon_katz|20
2020-06-01|02:03:34|pierce_alonzo|20
2020-06-01|06:47:46|lillagswitch|20
2020-06-01|07:23:52|stopriots2020|20
2020-06-01|10:25:17|argonaaut_|20
2020-06-01|10:56:35|elijahdaniel|20
2020-06-01|12:14:43|geoffrbennett|20
2020-01-01|09:50:56|argonaaut_|19
2020-03-20|03:36:57|argonaaut_|19
2020-05-27|10:34:58|stopriots2020|19
2020-05-30|10:20:54|abc|19
2020-05-31|17:48:42|reggiewebber|19
2020-05-31|23:40:04|elijahdaniel|19
2020-06-01|01:41:17|proustmalone|19
2020-06-01|02:52:59|youranoncentral|19
2020-06-01|07:16:21|excuseusir|19
2020-06-01|11:58:14|mviser|19
2020-06-01|12:13:46|briankarem|19
2020-06-01|12:20:09|johnjharwood|19
2020-06-01|12:22:16|joshgad|19
2020-06-01|13:16:04|berniesanders|19
2020-03-20|03:32:20|argonaaut_|18
2020-05-07|09:49:35|stopriots2020|18
2020-05-16|16:19:10|gotowalska|18
2020-05-27|10:37:16|stopriots2020|18
2020-05-28|18:35:42|ericmstrauss|18
2020-05-29|16:06:46|argonaaut_|18
2020-05-31|09:49:32|argonaaut_|18
2020-05-31|09:52:23|argonaaut_|18
2020-05-31|09:54:16|argonaaut_|18
2020-05-31|10:11:00|traitor_thot|18
2020-05-31|11:43:57|argonaaut_|18
2020-05-31|15:22:21|youranoncentral|18
2020-05-31|20:58:06|amazinga___|18
2020-06-01|00:26:34|socialistdogmom|18
2020-06-01|01:54:35|elijahdaniel|18
2020-06-01|07:56:13|dergin404|18
2020-06-01|08:12:58|alyciaxkru|18
2020-06-01|08:15:39|dergin404|18
2020-06-01|08:58:12|eugenegu|18
2020-06-01|09:57:40|argonaaut_|18
2020-06-01|10:04:30|dergin404|18
2020-06-01|10:31:01|evphoriagguk|18
2020-06-01|10:56:36|elijahdaniel|18
2020-06-01|12:16:47|repdonbeyer|18
2020-03-01|15:45:38|argonaaut_|17
2020-03-22|15:12:45|argonaaut_|17
2020-04-21|03:25:41|argonaaut_|17
2020-05-29|17:12:46|argonaaut_|17
2020-05-31|00:33:46|glizziemcguire|17
2020-05-31|17:06:23|jenna_marbles|17
2020-06-01|00:45:51|elijahdaniel|17
2020-06-01|01:44:26|harllls_|17
2020-06-01|02:42:06|gregstevens|17
2020-06-01|07:25:01|harllls_|17
2020-06-01|12:31:19|karenho95|17
2020-03-22|15:16:59|argonaaut_|16
2020-04-16|15:22:37|argonaaut_|16
2020-04-23|16:04:20|popcrave|16
2020-05-28|01:45:37|itsjustkillah10|16
2020-05-31|07:15:13|harllls_|16
2020-05-31|07:56:40|harllls_|16
2020-05-31|15:21:00|jakewebber9|16
2020-05-31|16:38:54|argonaaut_|16
2020-05-31|18:46:31|chimdesires|16
2020-05-31|20:15:42|miggsboson|16
2020-06-01|01:18:57|chelseawiserva|16
2020-06-01|07:10:52|duodevine|16
2020-06-01|07:14:58|__cicibaby1__|16
2020-06-01|07:26:56|stopriots2020|16
2020-06-01|08:28:52|sininspira|16
2020-06-01|10:39:02|jbillinson|16
2020-06-01|10:56:33|elijahdaniel|16
2020-06-01|12:12:20|mikeymurphy|16
2018-09-02|13:08:04|csgoidleempire|15
2020-03-22|09:13:53|argonaaut_|15
2020-04-18|13:19:26|argonaaut_|15
2020-05-23|09:51:35|stopriots2020|15
2020-05-27|08:49:00|stopriots2020|15
2020-05-30|09:49:22|stopriots2020|15
2020-05-31|20:34:37|autumnhappy__|15
2020-05-31|21:01:28|hkrassenstein|15
2020-06-01|00:14:15|sarahbaska|15
2020-06-01|03:01:51|elijahdaniel|15
2020-06-01|03:39:19|harllls_|15
2020-06-01|04:07:49|harllls_|15
2020-06-01|07:23:34|the_full_octave|15
2020-06-01|07:59:29|dergin404|15
2020-06-01|12:11:39|alexsalvinews|15
2020-06-01|12:12:55|dadscribe|15
2019-01-03|14:12:12|allenaeroh|14
2020-04-14|15:02:25|argonaaut_|14
2020-04-25|16:13:56|argonaaut_|14
2020-05-13|05:56:44|argonaaut_|14
2020-05-15|01:31:25|argonaaut_|14
2020-05-18|04:05:21|argonaaut_|14
2020-05-24|15:58:06|argonaaut_|14
2020-05-27|06:54:01|argonaaut_|14
2020-05-30|12:07:40|shem_infinite|14
2020-05-31|00:35:18|marcelinefsteel|14
2020-05-31|02:19:22|elijahdaniel|14
2020-05-31|03:43:18|keegan__dunn|14
2020-05-31|08:23:40|harllls_|14
2020-05-31|12:15:55|argonaaut_|14
2020-05-31|19:12:08|celfuckinwang|14
2020-05-31|23:08:45|jangelooff|14
2020-06-01|03:53:14|argonaaut_|14
2020-06-01|04:06:56|argonaaut_|14
2020-06-01|04:33:01|julietnsfw|14
2020-06-01|07:35:08|argonaaut_|14
2020-06-01|09:00:26|versacetaehyung|14
2020-06-01|10:29:53|the_full_octave|14
2020-06-01|10:37:39|elijahdaniel|14
2020-06-01|13:04:48|harllls_|14
2018-07-09|12:16:56|gamdomofficial|13
2018-12-07|11:41:59|tckyoutube|13
2019-02-27|16:12:12|juicyfruityyy|13
2020-02-05|01:39:12|argonaaut_|13
2020-02-05|01:42:47|argonaaut_|13
2020-04-04|16:39:00|argonaaut_|13
2020-04-04|16:39:53|argonaaut_|13
2020-04-14|11:20:32|argonaaut_|13
2020-04-21|08:21:33|argonaaut_|13
2020-05-06|13:03:45|argonaaut_|13
2020-05-06|13:05:34|argonaaut_|13
2020-05-06|13:06:48|argonaaut_|13
2020-05-15|16:43:20|argonaaut_|13
2020-05-16|13:55:58|argonaaut_|13
2020-05-16|16:51:32|argonaaut_|13
2020-05-16|19:50:01|stopriots2020|13
2020-05-20|08:51:40|stopriots2020|13
2020-05-20|17:38:31|stopriots2020|13
2020-05-23|14:51:12|argonaaut_|13
2020-05-28|17:16:08|argonaaut_|13
2020-05-29|12:09:08|argonaaut_|13
2020-05-30|11:46:01|stopriots2020|13
2020-05-30|14:10:45|stopriots2020|13
2020-05-30|23:04:35|stopriots2020|13
2020-05-31|09:01:41|thehoganddice|13
2020-05-31|13:45:02|woodfieldingle|13
2020-05-31|14:06:46|jehanpatterson|13
2020-05-31|16:54:54|princesabresha|13
2020-05-31|20:09:16|chiassoso|13
2020-05-31|23:37:46|derekcressman|13
2020-05-31|23:53:57|harllls_|13
2020-06-01|10:02:58|dahkanii|13
2018-01-08|05:42:30|igvaultfifa19|12
2018-06-19|00:29:52|9999999999aggg|12
2019-03-03|16:07:29|hirakazumain|12
2020-03-22|15:27:45|argonaaut_|12
2020-05-07|03:37:56|argonaaut_|12
2020-05-13|13:24:56|argonaaut_|12
2020-05-16|06:40:05|argonaaut_|12
2020-05-18|00:48:04|blindingrep|12
2020-05-20|06:09:24|argonaaut_|12
2020-05-20|13:14:15|stopriots2020|12
2020-05-25|21:54:11|stopriots2020|12
2020-05-26|08:03:06|stopriots2020|12
2020-05-26|09:01:24|stopriots2020|12
2020-05-27|11:06:35|stopriots2020|12
2020-05-28|11:38:53|5kullfall|12
2020-05-29|12:59:31|argonaaut_|12
2020-05-29|13:19:32|stopriots2020|12
2020-05-29|14:10:41|stopriots2020|12
2020-05-31|03:04:18|jerricalong_|12
2020-05-31|10:47:19|finelinecth|12
2020-05-31|11:44:39|akkcrystal36|12
2020-05-31|13:34:15|argonaaut_|12
2020-05-31|13:58:17|joshcorrr|12
2020-05-31|14:53:11|argonaaut_|12
2020-05-31|15:51:47|drewisgooden|12
2020-05-31|17:59:13|jhanasoleil|12
2020-05-31|21:50:27|alantin17|12
2020-06-01|00:52:35|nxnilicious|12
2020-06-01|03:42:15|joselui07618797|12
2020-06-01|03:56:31|argonaaut_|12
2020-06-01|06:06:31|argonaaut_|12
2020-06-01|08:08:57|barbletingz|12
2020-06-01|08:22:55|diko_van|12
2020-06-01|08:55:02|diko_van|12
2020-06-01|09:16:11|argonaaut_|12
2020-06-01|09:17:09|argonaaut_|12
2020-06-01|10:06:43|argonaaut_|12
2018-09-21|13:31:57|watchgamestv|11
2020-03-31|07:56:56|argonaaut_|11
2020-04-12|18:14:19|blankspacebabyd|11
2020-04-15|16:50:47|argonaaut_|11
2020-04-21|03:31:10|argonaaut_|11
2020-05-03|14:28:58|argonaaut_|11
2020-05-10|02:45:24|argonaaut_|11
2020-05-10|09:35:39|argonaaut_|11
2020-05-10|11:41:00|argonaaut_|11
2020-05-17|15:59:13|argonaaut_|11
2020-05-19|02:43:59|argonaaut_|11
2020-05-20|02:20:07|argonaaut_|11
2020-05-27|10:30:45|stopriots2020|11
2020-05-29|14:57:25|purpleheartsjk_|11
2020-05-30|23:46:52|chrrysuh|11
2020-05-31|00:59:23|qasimabasir|11
2020-05-31|01:23:34|chrisklemens|11
2020-05-31|03:00:17|blmlouve|11
2020-05-31|14:53:27|the_rs3|11
2020-05-31|16:35:30|korndiddy|11
2020-05-31|21:36:18|jasmine4vel|11
2020-06-01|01:59:19|elijahdaniel|11
2020-06-01|03:44:39|thenumber7seven|11
2020-06-01|06:49:12|scottleffler|11
2020-06-01|07:06:31|santiagomayer_|11
2020-06-01|07:52:11|pb_harry|11
2020-06-01|09:21:35|sebsoteric|11
2020-06-01|09:31:30|chrisklemens|11
2020-06-01|13:11:55|harllls_|11
2015-09-08|10:32:11|diko_van|10
2018-07-28|14:34:27|watchgamestv|10
2018-07-28|15:39:00|watchgamestv|10
2018-08-10|12:28:27|lootvgo|10
2020-04-06|07:29:14|argonaaut_|10
2020-04-14|10:30:32|yelyahwilliams|10
2020-05-07|08:29:29|argonaaut_|10
2020-05-10|07:43:58|argonaaut_|10
2020-05-10|16:16:45|argonaaut_|10
2020-05-13|13:25:46|argonaaut_|10
2020-05-15|03:08:28|argonaaut_|10
2020-05-15|07:11:52|argonaaut_|10
2020-05-16|07:51:26|argonaaut_|10
2020-05-26|13:38:18|stopriots2020|10
2020-05-27|10:16:39|stopriots2020|10
2020-05-27|10:21:15|stopriots2020|10
2020-05-28|11:01:44|stopriots2020|10
2020-05-28|17:26:26|argonaaut_|10
2020-05-28|17:38:48|argonaaut_|10
2020-05-29|09:49:50|stopriots2020|10
2020-05-29|15:41:42|argonaaut_|10
2020-05-30|10:04:05|stopriots2020|10
2020-05-30|13:31:17|stopriots2020|10
2020-05-30|22:21:35|stopriots2020|10
2020-05-31|00:36:47|kabbalahnchill|10
2020-05-31|00:54:29|chrisklemens|10
2020-05-31|00:56:25|chrissyteigen|10
2020-05-31|03:11:38|blmlouve|10
2020-05-31|10:08:01|argonaaut_|10
2020-05-31|11:01:03|mreatyabooty|10
2020-05-31|12:10:24|argonaaut_|10
2020-05-31|12:16:59|argonaaut_|10
2020-05-31|12:30:01|mzgossipgirl|10
2020-05-31|12:46:36|astatesman|10
2020-05-31|13:12:35|zackbornstein|10
2020-05-31|14:51:34|argonaaut_|10
2020-05-31|16:11:34|stephaniekifner|10
2020-05-31|16:31:12|argonaaut_|10
2020-05-31|23:18:34|georgetakei|10
2020-06-01|00:44:28|christine72876|10
2020-06-01|01:30:22|elijahdaniel|10
2020-06-01|03:19:57|argonaaut_|10
2020-06-01|03:23:10|kehlani|10
2020-06-01|06:42:40|highnesspurple|10
2020-06-01|07:08:34|the_full_octave|10
2020-06-01|07:45:07|argonaaut_|10
2020-06-01|07:54:56|diko_van|10
2020-06-01|08:03:35|diko_van|10
2020-06-01|08:29:49|argonaaut_|10
2020-06-01|08:55:33|argonaaut_|10
2020-06-01|09:04:01|argonaaut_|10
2020-06-01|09:14:37|argonaaut_|10
2020-06-01|10:56:29|elijahdaniel|10
2020-06-01|12:16:47|jadenswife_|10
2020-06-01|12:16:56|juliadavisnews|10
2018-05-12|12:04:40|diko_van|9
2018-06-02|09:59:26|twinityth|9
2018-07-15|19:04:19|watchgamestv|9
2018-07-22|16:38:47|9999999999aggg|9
2018-07-23|10:29:56|9999999999aggg|9
2018-08-15|12:28:00|meelayyb|9
2018-09-02|11:58:00|vgotrading|9
2018-09-18|14:52:59|doomisgod|9
2018-09-20|13:49:39|allenaeroh|9
2019-09-17|13:24:51|meelayyb|9
2019-10-13|16:42:42|diko_van|9
2019-11-08|22:33:24|anddddink|9
2020-03-24|01:01:38|norisonsmiler|9
2020-05-06|13:00:39|argonaaut_|9
2020-05-07|09:50:44|stopriots2020|9
2020-05-10|02:58:18|argonaaut_|9
2020-05-10|02:59:22|argonaaut_|9
2020-05-15|01:39:07|argonaaut_|9
2020-05-15|13:15:22|argonaaut_|9
2020-05-16|09:37:49|argonaaut_|9
2020-05-16|11:59:20|pulte|9
2020-05-17|02:42:43|argonaaut_|9
2020-05-17|16:28:28|argonaaut_|9
2020-05-18|01:00:29|missamerichana|9
2020-05-18|04:06:47|argonaaut_|9
2020-05-19|02:54:00|argonaaut_|9
2020-05-19|06:31:09|argonaaut_|9
2020-05-22|11:30:39|argonaaut_|9
2020-05-23|09:49:34|stopriots2020|9
2020-05-25|13:59:48|stopriots2020|9
2020-05-26|11:55:23|stopriots2020|9
2020-05-26|14:09:48|stopriots2020|9
2020-05-27|13:28:35|stopriots2020|9
2020-05-29|03:03:18|argonaaut_|9
2020-05-30|03:23:58|argonaaut_|9
2020-05-31|01:24:24|chadloder|9
2020-05-31|07:56:38|harllls_|9
2020-05-31|15:52:08|prozd|9
2020-05-31|16:12:10|shestooprecious|9
2020-05-31|20:31:57|cinjimmm|9
2020-05-31|21:01:29|ari_cartier|9
2020-05-31|22:57:51|iandalon|9
2020-05-31|23:39:49|harllls_|9
2020-06-01|00:58:52|triviaotr|9
2020-06-01|04:51:11|mrslimpickens|9
2020-06-01|06:57:14|genz4changee|9
2020-06-01|07:27:19|the_full_octave|9
2020-06-01|08:20:07|harllls_|9
2020-06-01|09:28:13|dergin404|9
2020-06-01|09:36:35|chrisklemens|9
2020-06-01|12:00:13|angrierwhstaff|9
2020-06-01|13:04:23|davidcorndc|9
2020-06-01|13:06:37|emilyexplora|9
2018-07-09|07:48:41|9999999999aggg|8
2018-07-09|11:26:42|doomisgod|8
2018-07-10|13:16:03|doomisgod|8
2018-07-11|12:15:08|doomisgod|8
2018-07-12|14:53:29|9999999999aggg|8
2018-07-13|15:15:05|9999999999aggg|8
2018-08-02|12:18:42|mattseesass|8
2018-09-02|16:08:58|allenaeroh|8
2019-03-14|11:58:37|hirakazumain|8
2019-05-07|11:09:39|mrbeastyt|8
2019-11-03|12:37:26|ocelot_cloud|8
2020-01-04|01:23:53|argonaaut_|8
2020-01-04|10:42:56|pulte|8
2020-02-05|01:44:14|argonaaut_|8
2020-02-08|03:11:30|argonaaut_|8
2020-03-01|16:06:26|argonaaut_|8
2020-03-01|16:08:28|argonaaut_|8
2020-03-07|13:13:37|argonaaut_|8
2020-03-09|11:38:54|argonaaut_|8
2020-03-31|05:24:45|argonaaut_|8
2020-04-01|03:47:21|argonaaut_|8
2020-04-15|17:07:09|ts8_outsould|8
2020-04-18|17:21:53|tswiftnz|8
2020-04-20|12:01:56|argonaaut_|8
2020-04-21|08:29:48|argonaaut_|8
2020-04-21|15:54:48|argonaaut_|8
2020-04-23|02:34:22|argonaaut_|8
2020-04-23|10:23:24|argonaaut_|8
2020-04-24|03:54:33|argonaaut_|8
2020-04-27|02:14:46|argonaaut_|8
2020-05-12|21:33:00|stopriots2020|8
2020-05-13|12:04:55|argonaaut_|8
2020-05-13|12:08:01|argonaaut_|8
2020-05-15|13:03:50|argonaaut_|8
2020-05-15|15:02:35|argonaaut_|8
2020-05-15|15:06:58|argonaaut_|8
2020-05-16|14:14:12|argonaaut_|8
2020-05-16|16:24:37|argonaaut_|8
2020-05-23|15:44:34|argonaaut_|8
2020-05-25|19:42:31|stopriots2020|8
2020-05-27|09:04:20|stopriots2020|8
2020-05-27|10:22:41|stopriots2020|8
2020-05-27|16:41:47|argonaaut_|8
2020-05-28|12:24:46|stopriots2020|8
2020-05-29|02:58:57|argonaaut_|8
2020-05-29|09:39:54|stopriots2020|8
2020-05-29|13:21:51|stopriots2020|8
2020-05-29|15:31:39|aleximenez|8
2020-05-29|16:10:33|argonaaut_|8
2020-05-30|03:25:19|argonaaut_|8
2020-05-30|07:40:37|popcrayye13|8
2020-05-30|11:26:54|patoiogie|8
2020-05-31|09:40:44|argonaaut_|8
2020-05-31|09:59:26|thestolenbeer|8
2020-05-31|10:32:43|gryking|8
2020-05-31|10:55:36|janisfigueroa15|8
2020-05-31|12:23:10|argonaaut_|8
2020-05-31|12:45:23|argonaaut_|8
2020-05-31|13:44:09|argonaaut_|8
2020-05-31|13:44:16|argonaaut_|8
2020-05-31|13:44:23|argonaaut_|8
2020-05-31|13:44:35|argonaaut_|8
2020-05-31|13:44:51|argonaaut_|8
2020-05-31|15:01:57|wontshutupever|8
2020-05-31|16:20:14|kevinlangue|8
2020-05-31|19:58:03|444ninuh|8
2020-05-31|19:59:03|mayorjenny|8
2020-05-31|20:14:36|chrisklemens|8
2020-05-31|22:56:37|stormyamaya|8
2020-06-01|00:32:04|elijahdaniel|8
2020-06-01|04:08:35|argonaaut_|8
2020-06-01|04:23:32|elijahdaniel|8
2020-06-01|06:04:42|argonaaut_|8
2020-06-01|06:27:36|youranonnews|8
2020-06-01|07:29:51|argonaaut_|8
2020-06-01|07:40:37|argonaaut_|8
2020-06-01|07:56:07|explicitxshady|8
2020-06-01|08:10:25|argonaaut_|8
2020-06-01|08:28:56|firshng|8
2020-06-01|08:34:15|argonaaut_|8
2020-06-01|08:36:25|dergin404|8
2020-06-01|08:42:44|argonaaut_|8
2020-06-01|09:10:29|argonaaut_|8
2020-06-01|09:16:34|the_full_octave|8
2020-06-01|09:17:32|dayquillchan|8
2020-06-01|09:21:12|argonaaut_|8
2020-06-01|09:31:14|argonaaut_|8
2020-06-01|09:42:59|argonaaut_|8
2020-06-01|09:45:25|diko_van|8
2020-06-01|09:48:53|argonaaut_|8
2020-06-01|10:15:08|lillyosmenttt|8
2020-06-01|12:20:03|oliverdarcy|8
2020-06-01|12:25:03|cherijacobus|8
2020-06-01|13:29:03|harllls_|8
2016-03-25|03:38:06|diko_van|7
2018-06-20|02:52:32|diko_van|7
2018-07-14|12:26:42|doomisgod|7
2018-07-16|09:52:43|doomisgod|7
2018-07-17|13:52:02|doomisgod|7
2018-07-18|09:40:55|doomisgod|7
2018-08-04|22:18:30|doomisgod|7
2018-08-05|10:50:06|doomisgod|7
2018-08-05|11:23:31|doomisgod|7
2018-08-06|09:50:25|doomisgod|7
2018-08-08|11:14:11|doomisgod|7
2018-08-10|10:08:09|doomisgod|7
2018-08-10|11:04:21|doomisgod|7
2018-08-15|14:26:01|doomisgod|7
2018-08-16|14:24:48|doomisgod|7
2018-08-17|13:58:45|doomisgod|7
2018-08-23|14:46:51|doomisgod|7
2018-09-01|15:10:49|doomisgod|7
2018-09-02|14:14:22|doomisgod|7
2018-09-04|14:01:22|doomisgod|7
2018-09-12|12:29:29|doomisgod|7
2018-10-01|15:21:10|watchgamestv|7
2019-04-08|19:29:24|hirakazumain|7
2020-01-11|15:52:12|digibytetips|7
2020-01-21|12:21:13|dog_rates|7
2020-03-04|08:41:49|argonaaut_|7
2020-03-10|16:02:44|argonaaut_|7
2020-03-18|16:36:23|goodbeanalt|7
2020-03-20|03:38:32|argonaaut_|7
2020-03-22|14:51:57|lilnasx|7
2020-03-24|03:38:03|argonaaut_|7
2020-03-29|16:03:37|argonaaut_|7
2020-03-31|17:20:03|argonaaut_|7
2020-04-02|12:06:50|argonaaut_|7
2020-04-03|02:42:39|argonaaut_|7
2020-04-03|02:47:54|argonaaut_|7
2020-04-10|03:20:59|argonaaut_|7
2020-04-13|10:54:04|argonaaut_|7
2020-04-14|14:50:52|argonaaut_|7
2020-04-16|02:25:04|argonaaut_|7
2020-04-17|14:05:58|argonaaut_|7
2020-04-20|02:28:34|argonaaut_|7
2020-04-23|08:07:32|argonaaut_|7
2020-04-23|16:23:13|swiftinyourarea|7
2020-05-06|15:00:05|argonaaut_|7
2020-05-07|02:12:42|argonaaut_|7
2020-05-10|02:55:39|argonaaut_|7
2020-05-10|09:38:14|argonaaut_|7
2020-05-11|16:25:56|argonaaut_|7
2020-05-12|04:05:51|argonaaut_|7
2020-05-13|12:16:16|argonaaut_|7
2020-05-16|10:09:19|argonaaut_|7
2020-05-18|08:45:17|stopriots2020|7
2020-05-19|02:34:23|argonaaut_|7
2020-05-19|15:23:07|argonaaut_|7
2020-05-19|20:17:46|stopriots2020|7
2020-05-22|05:14:22|argonaaut_|7
2020-05-23|15:14:24|argonaaut_|7
2020-05-25|08:32:16|stopriots2020|7
2020-05-25|18:14:11|stopriots2020|7
2020-05-26|21:13:37|stopriots2020|7
2020-05-27|10:24:21|stopriots2020|7
2020-05-27|10:29:03|stopriots2020|7
2020-05-27|10:39:10|stopriots2020|7
2020-05-27|10:40:23|stopriots2020|7
2020-05-28|10:03:41|pulte|7
2020-05-28|16:50:47|argonaaut_|7
2020-05-28|16:53:36|argonaaut_|7
2020-05-29|17:12:44|argonaaut_|7
2020-05-30|11:46:21|stopriots2020|7
2020-05-30|13:16:22|charliekirk11|7
2020-05-31|03:54:11|finallevel|7
2020-05-31|16:05:01|jsways12|7
2020-05-31|18:36:53|iwriteok|7
2020-05-31|19:33:34|lilnasx|7
2020-05-31|21:05:08|chrisklemens|7
2020-05-31|22:15:18|_annabeahm|7
2020-05-31|22:20:47|connorlagore|7
2020-06-01|01:27:29|diabliitax|7
2020-06-01|02:22:31|chrisklemens|7
2020-06-01|02:59:55|youranoncentral|7
2020-06-01|08:23:36|saberxgp|7
2020-06-01|08:23:42|leovenusian|7
2020-06-01|08:29:57|dergin404|7
2020-06-01|08:43:59|chadkook|7
2020-06-01|09:12:46|witchedup|7
2020-06-01|11:57:23|adamparkhomenko|7
2020-06-01|12:21:34|juliadavisnews|7
2014-12-20|02:19:51|diko_van|6
2014-12-20|02:20:15|diko_van|6
2018-01-06|15:27:57|dgr_dave|6
2018-07-09|12:09:11|doomisgod|6
2018-07-15|10:48:51|doomisgod|6
2018-07-17|14:40:12|doomisgod|6
2018-07-21|15:53:24|doomisgod|6
2018-07-24|13:25:26|doomisgod|6
2018-07-26|13:14:46|doomisgod|6
2018-08-03|17:00:21|watchgamestv|6
2019-11-10|13:04:58|hsieh_zachary|6
2020-03-10|16:34:12|argonaaut_|6
2020-03-12|03:07:23|argonaaut_|6
2020-03-22|09:19:17|argonaaut_|6
2020-03-23|02:59:57|argonaaut_|6
2020-03-25|10:43:23|argonaaut_|6
2020-03-31|08:03:38|argonaaut_|6
2020-03-31|08:05:44|argonaaut_|6
2020-04-08|14:22:37|argonaaut_|6
2020-04-16|02:24:02|argonaaut_|6
2020-04-16|14:10:51|argonaaut_|6
2020-04-17|02:51:04|argonaaut_|6
2020-04-17|05:38:17|argonaaut_|6
2020-04-21|02:19:54|argonaaut_|6
2020-04-21|03:27:01|argonaaut_|6
2020-04-21|03:28:25|argonaaut_|6
2020-04-23|07:43:59|argonaaut_|6
2020-04-29|01:43:42|argonaaut_|6
2020-05-02|08:28:11|argonaaut_|6
2020-05-03|16:24:44|argonaaut_|6
2020-05-06|13:01:55|argonaaut_|6
2020-05-06|16:30:25|argonaaut_|6
2020-05-11|16:26:49|argonaaut_|6
2020-05-12|04:11:47|argonaaut_|6
2020-05-12|15:40:34|argonaaut_|6
2020-05-13|05:40:24|argonaaut_|6
2020-05-13|11:57:46|argonaaut_|6
2020-05-13|12:11:21|argonaaut_|6
2020-05-13|12:39:19|argonaaut_|6
2020-05-15|03:35:35|argonaaut_|6
2020-05-15|03:49:46|argonaaut_|6
2020-05-15|05:04:58|argonaaut_|6
2020-05-16|14:11:15|argonaaut_|6
2020-05-16|16:32:24|argonaaut_|6
2020-05-17|16:59:27|argonaaut_|6
2020-05-18|04:00:36|argonaaut_|6
2020-05-19|02:49:46|argonaaut_|6
2020-05-19|09:42:23|argonaaut_|6
2020-05-19|11:53:36|argonaaut_|6
2020-05-19|15:24:37|argonaaut_|6
2020-05-22|07:29:29|argonaaut_|6
2020-05-22|09:11:17|stopriots2020|6
2020-05-22|11:33:52|argonaaut_|6
2020-05-23|14:52:13|argonaaut_|6
2020-05-23|15:31:49|argonaaut_|6
2020-05-25|17:48:27|stopriots2020|6
2020-05-26|05:36:56|argonaaut_|6
2020-05-26|05:37:52|argonaaut_|6
2020-05-27|10:25:26|stopriots2020|6
2020-05-27|10:32:42|stopriots2020|6
2020-05-28|03:57:53|argonaaut_|6
2020-05-28|11:45:45|stopriots2020|6
2020-05-29|13:01:51|argonaaut_|6
2020-05-29|14:29:45|stopriots2020|6
2020-05-29|15:59:38|argonaaut_|6
2020-05-29|17:12:49|argonaaut_|6
2020-05-29|17:36:41|stopriots2020|6
2020-05-29|18:27:41|stopriots2020|6
2020-05-31|00:04:10|cherishstweets|6
2020-05-31|02:04:24|argonaaut_|6
2020-05-31|02:09:11|argonaaut_|6
2020-05-31|09:41:30|argonaaut_|6
2020-05-31|11:52:52|madeintyo|6
2020-05-31|12:33:44|leanandcuisine|6
2020-05-31|13:36:55|siugggg|6
2020-05-31|13:38:28|argonaaut_|6
2020-05-31|13:48:19|argonaaut_|6
2020-05-31|15:14:02|argonaaut_|6
2020-05-31|15:27:19|argonaaut_|6
2020-05-31|16:34:23|argonaaut_|6
2020-05-31|18:16:52|angeluvcth|6
2020-05-31|20:37:26|emmalangevinxo|6
2020-05-31|20:40:32|benjaminpdixon|6
2020-05-31|22:32:08|ceeshshell|6
2020-06-01|00:09:34|chrisishh|6
2020-06-01|00:22:52|chrisklemens|6
2020-06-01|03:49:09|argonaaut_|6
2020-06-01|03:49:31|argonaaut_|6
2020-06-01|03:54:16|argonaaut_|6
2020-06-01|04:36:32|harllls_|6
2020-06-01|05:25:23|pmssabotage|6
2020-06-01|07:51:10|argonaaut_|6
2020-06-01|07:57:07|the_full_octave|6
2020-06-01|08:03:21|the_full_octave|6
2020-06-01|08:38:24|diko_van|6
2020-06-01|09:15:13|privelvet|6
2020-06-01|09:27:26|argonaaut_|6
2020-06-01|09:28:26|argonaaut_|6
2020-06-01|12:30:23|caslernoel|6
2018-06-02|10:32:23|diko_van|5
2018-06-02|10:48:46|diko_van|5
2018-07-15|09:52:27|doomisgod|5
2018-08-03|13:20:48|diko_van|5
2019-11-15|15:51:53|jake__stark|5
2019-12-24|02:21:15|argonaaut_|5
2020-01-07|01:47:00|argonaaut_|5
2020-02-08|12:05:44|secretmoments13|5
2020-03-04|13:32:28|argonaaut_|5
2020-03-07|13:15:21|argonaaut_|5
2020-03-21|12:18:08|argonaaut_|5
2020-03-22|10:07:30|argonaaut_|5
2020-03-24|05:13:43|argonaaut_|5
2020-03-25|12:29:51|argonaaut_|5
2020-03-29|17:16:34|argonaaut_|5
2020-04-01|14:10:07|argonaaut_|5
2020-04-04|03:17:43|argonaaut_|5
2020-04-04|05:15:38|argonaaut_|5
2020-04-06|15:49:44|argonaaut_|5
2020-04-16|02:15:56|argonaaut_|5
2020-04-16|02:21:41|argonaaut_|5
2020-04-16|02:28:52|argonaaut_|5
2020-04-21|03:22:57|argonaaut_|5
2020-04-23|07:38:50|argonaaut_|5
2020-04-23|07:40:11|argonaaut_|5
2020-04-23|07:42:18|argonaaut_|5
2020-04-23|16:00:05|s3rgiogonzalez|5
2020-04-24|01:21:30|argonaaut_|5
2020-04-25|16:11:48|argonaaut_|5
2020-04-26|09:50:45|argonaaut_|5
2020-04-26|13:11:47|argonaaut_|5
2020-04-26|13:24:31|argonaaut_|5
2020-04-26|13:26:15|argonaaut_|5
2020-05-01|06:20:22|argonaaut_|5
2020-05-06|03:27:41|argonaaut_|5
2020-05-10|03:03:56|argonaaut_|5
2020-05-10|05:03:41|argonaaut_|5
2020-05-10|10:12:50|argonaaut_|5
2020-05-11|13:32:36|argonaaut_|5
2020-05-11|16:20:08|argonaaut_|5
2020-05-12|04:09:56|argonaaut_|5
2020-05-12|08:48:17|argonaaut_|5
2020-05-12|16:14:53|argonaaut_|5
2020-05-13|02:19:29|argonaaut_|5
2020-05-13|05:48:22|argonaaut_|5
2020-05-13|12:01:59|argonaaut_|5
2020-05-13|12:06:44|argonaaut_|5
2020-05-13|12:18:59|argonaaut_|5
2020-05-13|12:35:17|argonaaut_|5
2020-05-13|13:07:33|argonaaut_|5
2020-05-14|16:45:02|argonaaut_|5
2020-05-15|03:40:28|argonaaut_|5
2020-05-15|03:43:09|argonaaut_|5
2020-05-15|05:43:40|argonaaut_|5
2020-05-15|05:46:30|argonaaut_|5
2020-05-15|13:22:34|argonaaut_|5
2020-05-15|15:00:21|argonaaut_|5
2020-05-15|15:01:32|argonaaut_|5
2020-05-15|15:03:42|argonaaut_|5
2020-05-15|15:08:25|argonaaut_|5
2020-05-15|15:09:02|argonaaut_|5
2020-05-15|16:37:36|argonaaut_|5
2020-05-15|16:46:47|argonaaut_|5
2020-05-16|06:44:02|argonaaut_|5
2020-05-16|06:48:05|argonaaut_|5
2020-05-16|06:49:22|argonaaut_|5
2020-05-16|06:50:54|argonaaut_|5
2020-05-16|07:21:14|argonaaut_|5
2020-05-16|14:08:08|argonaaut_|5
2020-05-16|16:52:37|argonaaut_|5
2020-05-17|03:51:49|argonaaut_|5
2020-05-18|12:33:52|argonaaut_|5
2020-05-18|16:01:04|argonaaut_|5
2020-05-19|02:35:48|argonaaut_|5
2020-05-19|11:58:17|argonaaut_|5
2020-05-20|02:12:24|argonaaut_|5
2020-05-21|10:24:01|argonaaut_|5
2020-05-22|19:33:10|stopriots2020|5
2020-05-22|19:35:00|stopriots2020|5
2020-05-23|02:31:05|argonaaut_|5
2020-05-23|13:48:41|stopriots2020|5
2020-05-23|13:58:26|stopriots2020|5
2020-05-23|15:15:23|argonaaut_|5
2020-05-23|15:18:25|argonaaut_|5
2020-05-25|05:18:38|argonaaut_|5
2020-05-25|12:43:40|stopriots2020|5
2020-05-26|13:37:45|stopriots2020|5
2020-05-27|02:28:33|argonaaut_|5
2020-05-27|02:55:49|argonaaut_|5
2020-05-27|02:58:21|argonaaut_|5
2020-05-27|05:58:02|blindingrep|5
2020-05-27|11:05:19|stopriots2020|5
2020-05-27|11:11:10|stopriots2020|5
2020-05-28|10:57:43|stopriots2020|5
2020-05-28|11:45:04|stopriots2020|5
2020-05-28|11:49:51|stopriots2020|5
2020-05-28|12:01:39|stopriots2020|5
2020-05-28|12:18:14|stopriots2020|5
2020-05-29|08:22:26|stopriots2020|5
2020-05-29|12:15:28|argonaaut_|5
2020-05-29|13:18:31|stopriots2020|5
2020-05-29|16:26:32|argonaaut_|5
2020-05-29|16:27:48|argonaaut_|5
2020-05-30|15:57:34|andymilonakis|5
2020-05-31|00:28:33|eltoncastee|5
2020-05-31|02:31:16|chrisklemens|5
2020-05-31|07:25:21|icecube|5
2020-05-31|07:28:00|omotolaxo|5
2020-05-31|09:38:51|eusoumike1|5
2020-05-31|18:14:41|dovecameron|5
2020-05-31|18:15:54|joshua4congress|5
2020-05-31|20:43:20|c4luml0ver|5
2020-05-31|23:10:33|1_yhoni|5
2020-06-01|00:14:50|sansund65139073|5
2020-06-01|02:42:40|elijahdaniel|5
2020-06-01|06:47:07|dergin404|5
2020-06-01|07:30:41|dxmolvrnxva|5
2020-06-01|08:05:21|dergin404|5
2020-06-01|08:26:33|koocuddles|5
2020-06-01|09:25:11|the_full_octave|5
2020-06-01|10:03:06|the_full_octave|5
2020-06-01|11:28:11|elijahdaniel|5
2020-06-01|12:15:11|kingcole_125|5
2018-06-02|11:52:40|diko_van|4
2019-01-03|14:29:51|diko_van|4
2019-03-15|03:31:56|diko_van|4
2019-03-17|15:32:45|diko_van|4
2019-10-26|09:04:56|argonaaut_|4
2019-11-13|01:32:43|lilnasx|4
2019-11-22|12:25:54|thenaomijon|4
2019-11-23|19:13:42|thenaomijon|4
2019-12-03|15:41:20|argonaaut_|4
2019-12-03|15:44:57|argonaaut_|4
2020-01-08|16:51:32|taylornation13|4
2020-01-08|17:37:04|e_thiccc|4
2020-02-04|16:10:53|argonaaut_|4
2020-03-01|12:35:06|argonaaut_|4
2020-03-08|14:47:20|argonaaut_|4
2020-03-10|16:05:09|argonaaut_|4
2020-03-16|11:16:01|argonaaut_|4
2020-03-22|08:56:57|argonaaut_|4
2020-03-22|09:38:14|argonaaut_|4
2020-03-27|05:50:11|argonaaut_|4
2020-03-27|13:15:38|argonaaut_|4
2020-03-27|13:17:21|argonaaut_|4
2020-03-27|13:20:41|argonaaut_|4
2020-03-31|08:05:10|argonaaut_|4
2020-03-31|08:06:49|argonaaut_|4
2020-03-31|17:16:31|argonaaut_|4
2020-04-04|16:48:47|argonaaut_|4
2020-04-09|09:39:06|argonaaut_|4
2020-04-13|10:46:29|argonaaut_|4
2020-04-14|13:12:32|argonaaut_|4
2020-04-15|16:57:02|argonaaut_|4
2020-04-16|02:26:43|argonaaut_|4
2020-04-16|14:08:33|argonaaut_|4
2020-04-17|13:02:15|argonaaut_|4
2020-04-18|13:11:10|argonaaut_|4
2020-04-18|13:12:35|argonaaut_|4
2020-04-19|03:48:29|argonaaut_|4
2020-04-19|08:16:03|argonaaut_|4
2020-04-20|02:19:27|argonaaut_|4
2020-04-20|02:33:25|argonaaut_|4
2020-04-21|02:15:39|argonaaut_|4
2020-04-22|02:15:20|argonaaut_|4
2020-04-23|08:01:07|argonaaut_|4
2020-04-24|01:20:36|argonaaut_|4
2020-04-24|12:16:30|argonaaut_|4
2020-04-27|02:12:05|argonaaut_|4
2020-04-30|14:18:09|argonaaut_|4
2020-05-02|08:19:20|argonaaut_|4
2020-05-03|03:31:47|argonaaut_|4
2020-05-03|14:33:49|argonaaut_|4
2020-05-03|16:20:54|argonaaut_|4
2020-05-04|02:48:22|argonaaut_|4
2020-05-06|20:50:36|stopriots2020|4
2020-05-06|20:50:41|stopriots2020|4
2020-05-06|20:50:48|stopriots2020|4
2020-05-06|20:51:14|stopriots2020|4
2020-05-06|20:51:24|stopriots2020|4
2020-05-06|20:51:31|stopriots2020|4
2020-05-06|20:52:29|stopriots2020|4
2020-05-06|20:52:54|stopriots2020|4
2020-05-06|20:53:00|stopriots2020|4
2020-05-06|20:53:14|stopriots2020|4
2020-05-06|20:53:44|stopriots2020|4
2020-05-06|20:53:53|stopriots2020|4
2020-05-06|20:55:03|stopriots2020|4
2020-05-06|20:55:45|stopriots2020|4
2020-05-06|20:56:20|stopriots2020|4
2020-05-06|20:56:31|stopriots2020|4
2020-05-06|20:56:40|stopriots2020|4
2020-05-06|20:57:07|stopriots2020|4
2020-05-06|20:58:17|stopriots2020|4
2020-05-06|20:58:29|stopriots2020|4
2020-05-06|20:58:47|stopriots2020|4
2020-05-08|09:43:53|argonaaut_|4
2020-05-10|03:01:36|argonaaut_|4
2020-05-11|01:55:21|argonaaut_|4
2020-05-11|16:19:31|argonaaut_|4
2020-05-12|04:10:34|argonaaut_|4
2020-05-12|16:11:04|argonaaut_|4
2020-05-13|05:14:41|argonaaut_|4
2020-05-13|06:01:37|argonaaut_|4
2020-05-13|06:08:53|argonaaut_|4
2020-05-13|12:11:59|argonaaut_|4
2020-05-13|12:12:59|argonaaut_|4
2020-05-13|12:17:36|argonaaut_|4
2020-05-14|12:55:43|argonaaut_|4
2020-05-14|13:00:20|argonaaut_|4
2020-05-14|13:06:59|argonaaut_|4
2020-05-14|16:44:02|argonaaut_|4
2020-05-15|01:31:56|argonaaut_|4
2020-05-15|03:12:54|argonaaut_|4
2020-05-15|03:36:38|argonaaut_|4
2020-05-15|03:37:48|argonaaut_|4
2020-05-15|03:44:21|argonaaut_|4
2020-05-15|04:57:32|argonaaut_|4
2020-05-16|06:27:40|argonaaut_|4
2020-05-16|06:41:31|argonaaut_|4
2020-05-16|06:56:19|argonaaut_|4
2020-05-17|12:47:59|argonaaut_|4
2020-05-18|01:42:32|argonaaut_|4
2020-05-18|02:53:56|argonaaut_|4
2020-05-18|12:06:13|argonaaut_|4
2020-05-18|16:11:33|argonaaut_|4
2020-05-20|02:13:57|argonaaut_|4
2020-05-21|10:26:41|argonaaut_|4
2020-05-21|10:31:10|argonaaut_|4
2020-05-22|08:26:11|argonaaut_|4
2020-05-22|11:02:34|argonaaut_|4
2020-05-22|19:33:37|stopriots2020|4
2020-05-23|05:50:19|argonaaut_|4
2020-05-23|05:51:57|argonaaut_|4
2020-05-23|14:48:51|argonaaut_|4
2020-05-25|05:31:47|argonaaut_|4
2020-05-25|14:08:12|stopriots2020|4
2020-05-26|06:35:55|argonaaut_|4
2020-05-26|11:37:03|argonaaut_|4
2020-05-26|14:07:46|stopriots2020|4
2020-05-27|10:20:21|stopriots2020|4
2020-05-27|11:08:39|stopriots2020|4
2020-05-27|12:59:21|stopriots2020|4
2020-05-28|04:16:57|argonaaut_|4
2020-05-28|11:39:21|stopriots2020|4
2020-05-28|11:44:20|stopriots2020|4
2020-05-28|12:11:02|stopriots2020|4
2020-05-28|12:18:38|stopriots2020|4
2020-05-28|16:02:41|stopriots2020|4
2020-05-28|17:37:13|argonaaut_|4
2020-05-28|17:39:52|anglersny2|4
2020-05-29|09:08:51|stopriots2020|4
2020-05-29|09:15:30|stopriots2020|4
2020-05-29|09:18:10|stopriots2020|4
2020-05-29|09:18:56|stopriots2020|4
2020-05-29|09:30:10|stopriots2020|4
2020-05-29|13:04:26|argonaaut_|4
2020-05-29|13:11:16|swiftinbs|4
2020-05-29|13:21:22|argonaaut_|4
2020-05-29|14:42:37|argonaaut_|4
2020-05-29|14:46:10|argonaaut_|4
2020-05-29|14:52:17|argonaaut_|4
2020-05-29|15:48:14|argonaaut_|4
2020-05-29|15:59:09|argonaaut_|4
2020-05-29|16:05:22|argonaaut_|4
2020-05-29|17:33:36|argonaaut_|4
2020-05-30|11:51:48|stopriots2020|4
2020-05-30|17:21:00|argonaaut_|4
2020-05-31|05:06:55|nick_k1aus|4
2020-05-31|09:55:04|argonaaut_|4
2020-05-31|10:08:20|argonaaut_|4
2020-05-31|10:23:29|semaj_htx|4
2020-05-31|11:39:18|argonaaut_|4
2020-05-31|11:55:24|argonaaut_|4
2020-05-31|13:43:29|argonaaut_|4
2020-05-31|19:29:39|finallevel|4
2020-05-31|21:04:03|breeee_lynnn|4
2020-05-31|21:10:02|chrisklemens|4
2020-05-31|22:26:47|dwuhlfelderlaw|4
2020-05-31|23:34:23|domtheb0mb|4
2020-06-01|01:10:44|crar2017|4
2020-06-01|01:56:44|chrisklemens|4
2020-06-01|02:21:56|shadowblast423|4
2020-06-01|02:24:27|argonaaut_|4
2020-06-01|02:52:41|gregstevens|4
2020-06-01|03:47:20|argonaaut_|4
2020-06-01|03:50:14|argonaaut_|4
2020-06-01|04:01:38|argonaaut_|4
2020-06-01|07:20:03|the_full_octave|4
2020-06-01|07:33:05|_popaboywillie|4
2020-06-01|07:48:38|the_full_octave|4
2020-06-01|08:06:29|the_full_octave|4
2020-06-01|08:09:10|dergin404|4
2020-06-01|08:22:02|the_full_octave|4
2020-06-01|08:22:25|argonaaut_|4
2020-06-01|08:44:05|argonaaut_|4
2020-06-01|08:44:22|jazzyjaiden|4
2020-06-01|09:01:47|diko_van|4
2020-06-01|09:07:17|argonaaut_|4
2020-06-01|09:07:43|argonaaut_|4
2020-06-01|09:12:27|argonaaut_|4
2020-06-01|09:57:30|the_full_octave|4
2020-06-01|10:07:45|dergin404|4
2020-06-01|10:11:01|dergin404|4
2020-06-01|11:38:08|earlxsweat|4
2020-06-01|11:52:12|sapphire9117|4
2020-06-01|11:54:10|outrage_art|4
2015-09-08|10:44:23|diko_van|3
2018-03-03|11:55:29|dgr_dave|3
2018-07-25|05:31:40|diko_van|3
2018-07-28|15:40:39|diko_van|3
2018-08-03|12:52:22|diko_van|3
2018-12-07|11:51:45|diko_van|3
2018-12-14|14:07:24|skinhub|3
2019-11-03|12:36:21|jenna_marbles|3
2019-11-28|18:34:17|jenna_marbles|3
2020-01-17|10:37:27|123fakeiid|3
2020-01-22|07:19:31|argonaaut_|3
2020-03-04|01:51:49|argonaaut_|3
2020-03-05|00:43:53|argonaaut_|3
2020-03-06|15:36:13|argonaaut_|3
2020-03-06|15:42:39|elonmusk|3
2020-03-06|18:04:36|mainpopgiri|3
2020-03-11|14:12:29|mcdonalds|3
2020-03-19|04:14:31|argonaaut_|3
2020-03-22|10:14:13|argonaaut_|3
2020-03-24|03:35:50|argonaaut_|3
2020-03-24|03:51:45|argonaaut_|3
2020-03-26|15:14:43|argonaaut_|3
2020-03-26|20:35:20|corneliastreift|3
2020-03-27|13:12:39|argonaaut_|3
2020-03-27|13:13:28|argonaaut_|3
2020-03-27|13:14:27|argonaaut_|3
2020-03-27|13:15:17|argonaaut_|3
2020-03-27|13:18:20|argonaaut_|3
2020-03-28|13:57:41|argonaaut_|3
2020-03-29|16:04:07|argonaaut_|3
2020-03-29|17:18:16|argonaaut_|3
2020-03-30|02:38:55|argonaaut_|3
2020-03-31|05:25:42|argonaaut_|3
2020-03-31|17:10:00|argonaaut_|3
2020-04-01|03:48:43|argonaaut_|3
2020-04-01|03:49:45|argonaaut_|3
2020-04-04|03:17:03|argonaaut_|3
2020-04-04|03:22:03|argonaaut_|3
2020-04-11|15:54:55|argonaaut_|3
2020-04-12|06:50:23|argonaaut_|3
2020-04-13|10:52:33|argonaaut_|3
2020-04-13|11:09:26|argonaaut_|3
2020-04-14|06:36:21|argonaaut_|3
2020-04-14|06:58:20|argonaaut_|3
2020-04-14|10:43:28|argonaaut_|3
2020-04-14|15:59:40|argonaaut_|3
2020-04-15|16:39:06|argonaaut_|3
2020-04-16|05:48:20|argonaaut_|3
2020-04-16|05:49:59|argonaaut_|3
2020-04-16|14:05:02|argonaaut_|3
2020-04-16|14:07:33|argonaaut_|3
2020-04-16|14:12:15|argonaaut_|3
2020-04-17|13:08:53|argonaaut_|3
2020-04-17|13:10:57|argonaaut_|3
2020-04-18|13:10:30|argonaaut_|3
2020-04-18|13:15:53|argonaaut_|3
2020-04-18|13:21:01|argonaaut_|3
2020-04-19|03:35:15|argonaaut_|3
2020-04-19|08:25:00|argonaaut_|3
2020-04-19|08:28:43|argonaaut_|3
2020-04-20|02:23:55|argonaaut_|3
2020-04-20|02:38:03|argonaaut_|3
2020-04-21|03:23:50|argonaaut_|3
2020-04-21|05:31:15|argonaaut_|3
2020-04-21|08:32:21|argonaaut_|3
2020-04-21|15:52:40|argonaaut_|3
2020-04-21|15:57:33|argonaaut_|3
2020-04-21|15:59:06|argonaaut_|3
2020-04-22|01:45:23|argonaaut_|3
2020-04-22|02:43:13|argonaaut_|3
2020-04-23|02:27:36|argonaaut_|3
2020-04-23|07:53:28|argonaaut_|3
2020-04-23|07:56:15|argonaaut_|3
2020-04-23|08:06:18|argonaaut_|3
2020-04-23|13:37:57|argonaaut_|3
2020-04-24|03:59:29|argonaaut_|3
2020-04-24|04:02:02|argonaaut_|3
2020-04-24|15:17:13|argonaaut_|3
2020-04-25|16:10:14|argonaaut_|3
2020-04-26|09:46:45|argonaaut_|3
2020-04-30|12:32:37|argonaaut_|3
2020-05-02|08:24:18|argonaaut_|3
2020-05-03|15:00:45|argonaaut_|3
2020-05-04|02:26:09|argonaaut_|3
2020-05-04|02:51:23|argonaaut_|3
2020-05-04|04:59:40|argonaaut_|3
2020-05-06|12:58:11|argonaaut_|3
2020-05-06|12:58:59|argonaaut_|3
2020-05-06|16:29:21|argonaaut_|3
2020-05-10|02:51:40|argonaaut_|3
2020-05-10|02:56:49|argonaaut_|3
2020-05-10|04:52:46|argonaaut_|3
2020-05-10|10:05:01|argonaaut_|3
2020-05-11|01:51:00|argonaaut_|3
2020-05-11|01:55:40|argonaaut_|3
2020-05-12|04:03:23|argonaaut_|3
2020-05-13|05:36:25|argonaaut_|3
2020-05-13|05:59:28|argonaaut_|3
2020-05-13|08:57:15|argonaaut_|3
2020-05-13|11:32:39|swift_afterglow|3
2020-05-13|11:37:25|argonaaut_|3
2020-05-13|12:15:27|argonaaut_|3
2020-05-13|12:17:10|argonaaut_|3
2020-05-13|12:35:26|argonaaut_|3
2020-05-13|13:23:08|argonaaut_|3
2020-05-13|14:11:16|argonaaut_|3
2020-05-14|05:35:57|argonaaut_|3
2020-05-14|05:36:08|argonaaut_|3
2020-05-14|13:03:04|argonaaut_|3
2020-05-14|16:39:44|argonaaut_|3
2020-05-14|16:47:05|argonaaut_|3
2020-05-15|01:34:18|argonaaut_|3
2020-05-15|03:08:54|argonaaut_|3
2020-05-15|03:11:02|argonaaut_|3
2020-05-15|03:14:38|argonaaut_|3
2020-05-15|03:36:13|argonaaut_|3
2020-05-15|03:38:45|argonaaut_|3
2020-05-15|03:56:36|argonaaut_|3
2020-05-15|11:32:42|argonaaut_|3
2020-05-15|13:02:40|argonaaut_|3
2020-05-15|13:07:39|argonaaut_|3
2020-05-15|14:56:44|argonaaut_|3
2020-05-15|14:58:55|argonaaut_|3
2020-05-15|16:43:53|argonaaut_|3
2020-05-15|16:49:08|argonaaut_|3
2020-05-15|16:50:30|argonaaut_|3
2020-05-15|16:54:06|argonaaut_|3
2020-05-16|09:39:23|argonaaut_|3
2020-05-16|13:56:37|argonaaut_|3
2020-05-16|14:11:42|argonaaut_|3
2020-05-16|16:19:19|argonaaut_|3
2020-05-16|16:54:26|argonaaut_|3
2020-05-17|02:43:39|argonaaut_|3
2020-05-17|14:24:54|argonaaut_|3
2020-05-17|14:28:31|argonaaut_|3
2020-05-17|14:31:25|argonaaut_|3
2020-05-17|14:33:12|argonaaut_|3
2020-05-17|16:02:27|argonaaut_|3
2020-05-18|12:08:54|argonaaut_|3
2020-05-18|16:07:26|argonaaut_|3
2020-05-18|16:10:22|argonaaut_|3
2020-05-19|02:29:55|argonaaut_|3
2020-05-19|02:31:54|argonaaut_|3
2020-05-19|02:36:56|argonaaut_|3
2020-05-19|02:46:02|argonaaut_|3
2020-05-19|05:02:05|argonaaut_|3
2020-05-19|14:53:11|missswifticana|3
2020-05-19|15:25:07|argonaaut_|3
2020-05-22|03:24:00|argonaaut_|3
2020-05-22|07:28:41|argonaaut_|3
2020-05-22|07:59:51|argonaaut_|3
2020-05-22|11:04:24|argonaaut_|3
2020-05-22|11:07:35|argonaaut_|3
2020-05-22|19:33:24|stopriots2020|3
2020-05-22|19:34:45|stopriots2020|3
2020-05-23|09:25:09|stopriots2020|3
2020-05-23|15:08:05|argonaaut_|3
2020-05-24|03:02:31|argonaaut_|3
2020-05-24|06:30:59|argonaaut_|3
2020-05-25|02:56:32|argonaaut_|3
2020-05-25|05:19:45|argonaaut_|3
2020-05-25|12:43:01|stopriots2020|3
2020-05-26|14:05:57|stopriots2020|3
2020-05-26|14:09:25|stopriots2020|3
2020-05-27|07:04:47|argonaaut_|3
2020-05-27|11:04:35|stopriots2020|3
2020-05-27|11:14:17|stopriots2020|3
2020-05-27|13:30:53|stopriots2020|3
2020-05-28|04:10:26|argonaaut_|3
2020-05-28|04:16:58|argonaaut_|3
2020-05-28|11:59:11|stopriots2020|3
2020-05-28|12:01:12|stopriots2020|3
2020-05-28|12:19:35|stopriots2020|3
2020-05-28|14:04:34|stopriots2020|3
2020-05-28|17:21:06|argonaaut_|3
2020-05-29|08:07:47|stopriots2020|3
2020-05-29|12:10:09|argonaaut_|3
2020-05-29|12:11:38|argonaaut_|3
2020-05-29|13:03:46|argonaaut_|3
2020-05-29|13:09:54|argonaaut_|3
2020-05-29|13:11:01|argonaaut_|3
2020-05-29|15:08:54|stopriots2020|3
2020-05-29|16:02:07|argonaaut_|3
2020-05-29|17:26:23|argonaaut_|3
2020-05-29|22:17:01|stopriots2020|3
2020-05-30|21:38:23|stopriots2020|3
2020-05-31|10:02:42|youranonnews|3
2020-05-31|16:55:40|chrisklemens|3
2020-05-31|20:22:58|gothicyg|3
2020-05-31|22:02:13|cammithy|3
2020-05-31|23:59:39|episcopalheart|3
2020-06-01|02:07:53|harllls_|3
2020-06-01|02:31:57|ayeesha_13|3
2020-06-01|04:01:29|spliffmeister|3
2020-06-01|08:02:32|the_full_octave|3
2020-06-01|08:05:19|frankstrovel|3
2020-06-01|08:07:56|dergin404|3
2020-06-01|08:38:11|dergin404|3
2020-06-01|10:35:51|dergin404|3
2020-06-01|12:25:02|youranomcentral|3
2015-09-08|10:38:41|diko_van|2
2018-08-02|16:38:59|diko_van|2
2018-09-02|16:18:11|diko_van|2
2018-11-25|13:40:44|juicyfruityyy|2
2019-10-30|05:14:31|elonmusk|2
2019-11-10|02:43:51|argonaaut_|2
2019-11-11|18:14:07|alliex|2
2020-01-02|16:19:19|argonaaut_|2
2020-01-02|16:27:00|argonaaut_|2
2020-01-09|10:55:55|anddddink|2
2020-01-23|10:01:25|argonaaut_|2
2020-01-29|03:44:22|argonaaut_|2
2020-02-10|01:43:49|argonaaut_|2
2020-02-15|10:09:13|argonaaut_|2
2020-02-26|07:16:23|argonaaut_|2
2020-02-26|07:19:31|argonaaut_|2
2020-03-01|16:02:38|argonaaut_|2
2020-03-01|16:03:58|argonaaut_|2
2020-03-02|11:21:09|argonaaut_|2
2020-03-04|13:36:30|argonaaut_|2
2020-03-07|06:57:37|argonaaut_|2
2020-03-12|03:09:17|argonaaut_|2
2020-03-14|18:53:59|argonaaut_|2
2020-03-16|11:15:04|argonaaut_|2
2020-03-18|17:57:18|argonaaut_|2
2020-03-19|04:16:25|argonaaut_|2
2020-03-22|08:54:50|argonaaut_|2
2020-03-22|09:49:42|argonaaut_|2
2020-03-24|03:50:55|argonaaut_|2
2020-03-24|05:17:08|argonaaut_|2
2020-03-26|15:10:42|argonaaut_|2
2020-03-27|05:52:31|argonaaut_|2
2020-03-27|12:24:44|argonaaut_|2
2020-03-27|13:06:06|argonaaut_|2
2020-03-27|13:10:49|argonaaut_|2
2020-03-29|15:58:15|argonaaut_|2
2020-03-30|06:55:44|argonaaut_|2
2020-03-30|12:29:15|argonaaut_|2
2020-04-02|12:07:17|argonaaut_|2
2020-04-04|16:53:37|argonaaut_|2
2020-04-07|02:27:47|argonaaut_|2
2020-04-09|11:38:12|argonaaut_|2
2020-04-10|03:17:46|argonaaut_|2
2020-04-13|13:30:11|argonaaut_|2
2020-04-14|15:00:29|argonaaut_|2
2020-04-14|16:00:07|argonaaut_|2
2020-04-14|16:01:23|argonaaut_|2
2020-04-15|16:48:23|argonaaut_|2
2020-04-16|02:20:18|argonaaut_|2
2020-04-16|05:48:39|argonaaut_|2
2020-04-16|05:51:19|argonaaut_|2
2020-04-16|05:52:58|argonaaut_|2
2020-04-16|07:57:10|argonaaut_|2
2020-04-17|13:12:33|argonaaut_|2
2020-04-17|14:03:29|argonaaut_|2
2020-04-18|04:11:33|argonaaut_|2
2020-04-18|13:15:06|argonaaut_|2
2020-04-18|13:17:09|argonaaut_|2
2020-04-19|15:17:47|argonaaut_|2
2020-04-20|02:18:06|argonaaut_|2
2020-04-20|02:30:46|argonaaut_|2
2020-04-20|02:31:51|argonaaut_|2
2020-04-20|06:30:49|argonaaut_|2
2020-04-20|16:22:30|argonaaut_|2
2020-04-20|16:23:20|argonaaut_|2
2020-04-21|03:27:49|argonaaut_|2
2020-04-21|05:30:02|argonaaut_|2
2020-04-21|08:45:23|argonaaut_|2
2020-04-22|01:43:23|argonaaut_|2
2020-04-22|02:14:25|argonaaut_|2
2020-04-23|07:39:43|argonaaut_|2
2020-04-23|07:41:47|argonaaut_|2
2020-04-23|07:44:15|argonaaut_|2
2020-04-23|07:59:45|argonaaut_|2
2020-04-23|08:04:33|argonaaut_|2
2020-04-23|08:06:52|argonaaut_|2
2020-04-23|08:33:00|argonaaut_|2
2020-04-23|16:32:09|argonaaut_|2
2020-04-24|04:16:41|argonaaut_|2
2020-04-24|15:16:33|argonaaut_|2
2020-04-24|15:18:43|argonaaut_|2
2020-04-25|12:53:39|argonaaut_|2
2020-04-26|13:09:20|argonaaut_|2
2020-04-26|13:21:13|argonaaut_|2
2020-04-29|01:40:59|argonaaut_|2
2020-04-30|12:33:44|argonaaut_|2
2020-05-01|02:56:22|argonaaut_|2
2020-05-01|16:07:44|argonaaut_|2
2020-05-03|14:31:32|argonaaut_|2
2020-05-03|14:34:10|argonaaut_|2
2020-05-03|14:34:52|argonaaut_|2
2020-05-05|02:36:09|argonaaut_|2
2020-05-05|10:50:45|argonaaut_|2
2020-05-06|11:35:35|argonaaut_|2
2020-05-06|12:56:25|argonaaut_|2
2020-05-06|15:00:46|argonaaut_|2
2020-05-06|16:27:35|argonaaut_|2
2020-05-06|20:48:18|stopriots2020|2
2020-05-07|14:48:47|argonaaut_|2
2020-05-07|14:49:12|argonaaut_|2
2020-05-08|02:30:28|argonaaut_|2
2020-05-08|06:59:16|argonaaut_|2
2020-05-09|15:51:43|argonaaut_|2
2020-05-10|07:44:21|argonaaut_|2
2020-05-10|10:09:16|argonaaut_|2
2020-05-11|01:53:41|argonaaut_|2
2020-05-11|16:22:46|argonaaut_|2
2020-05-11|16:27:40|argonaaut_|2
2020-05-12|06:33:42|argonaaut_|2
2020-05-12|16:08:49|argonaaut_|2
2020-05-12|16:15:36|argonaaut_|2
2020-05-13|02:21:50|argonaaut_|2
2020-05-13|05:52:47|argonaaut_|2
2020-05-13|06:06:33|argonaaut_|2
2020-05-13|06:13:46|argonaaut_|2
2020-05-13|06:15:44|argonaaut_|2
2020-05-13|06:16:30|argonaaut_|2
2020-05-13|06:22:01|argonaaut_|2
2020-05-13|12:13:29|argonaaut_|2
2020-05-13|12:19:36|argonaaut_|2
2020-05-13|13:32:45|argonaaut_|2
2020-05-13|13:56:50|argonaaut_|2
2020-05-13|16:30:02|argonaaut_|2
2020-05-14|12:56:54|argonaaut_|2
2020-05-14|12:57:56|argonaaut_|2
2020-05-14|13:09:30|argonaaut_|2
2020-05-14|16:40:56|argonaaut_|2
2020-05-15|03:37:11|argonaaut_|2
2020-05-15|04:58:40|argonaaut_|2
2020-05-15|07:45:50|argonaaut_|2
2020-05-15|13:06:34|argonaaut_|2
2020-05-15|13:18:56|argonaaut_|2
2020-05-15|14:57:13|argonaaut_|2
2020-05-15|16:52:30|argonaaut_|2
2020-05-16|01:40:39|argonaaut_|2
2020-05-16|06:23:00|argonaaut_|2
2020-05-16|06:30:58|argonaaut_|2
2020-05-16|06:42:28|argonaaut_|2
2020-05-16|07:30:37|argonaaut_|2
2020-05-16|07:36:55|argonaaut_|2
2020-05-16|07:52:24|argonaaut_|2
2020-05-16|16:48:55|argonaaut_|2
2020-05-17|04:31:33|argonaaut_|2
2020-05-18|01:54:42|argonaaut_|2
2020-05-18|02:56:25|swiftness_t|2
2020-05-18|16:00:14|argonaaut_|2
2020-05-19|02:26:01|argonaaut_|2
2020-05-19|05:59:52|argonaaut_|2
2020-05-19|07:52:30|argonaaut_|2
2020-05-19|07:52:59|argonaaut_|2
2020-05-20|06:46:09|argonaaut_|2
2020-05-21|14:54:44|stopriots2020|2
2020-05-22|11:38:17|argonaaut_|2
2020-05-22|13:30:40|stopriots2020|2
2020-05-22|19:35:10|stopriots2020|2
2020-05-23|02:29:33|argonaaut_|2
2020-05-23|14:53:46|argonaaut_|2
2020-05-23|15:17:27|argonaaut_|2
2020-05-23|15:43:18|argonaaut_|2
2020-05-24|14:29:20|stopriots2020|2
2020-05-24|16:02:15|argonaaut_|2
2020-05-24|21:36:52|stopriots2020|2
2020-05-25|02:57:03|argonaaut_|2
2020-05-25|09:42:41|argonaaut_|2
2020-05-25|11:59:15|stopriots2020|2
2020-05-25|19:41:19|stopriots2020|2
2020-05-26|12:28:22|stopriots2020|2
2020-05-26|14:09:08|stopriots2020|2
2020-05-27|09:02:59|stopriots2020|2
2020-05-27|09:06:14|stopriots2020|2
2020-05-27|10:26:40|stopriots2020|2
2020-05-27|10:41:11|stopriots2020|2
2020-05-27|13:28:58|stopriots2020|2
2020-05-28|03:59:06|argonaaut_|2
2020-05-28|12:16:20|stopriots2020|2
2020-05-28|20:53:36|stopriots2020|2
2020-05-29|13:08:04|argonaaut_|2
2020-05-29|13:12:01|argonaaut_|2
2020-05-29|13:13:22|stopriots2020|2
2020-05-29|14:44:34|argonaaut_|2
2020-05-29|15:00:15|argonaaut_|2
2020-05-29|15:14:40|stopriots2020|2
2020-05-29|16:04:04|argonaaut_|2
2020-05-29|17:27:44|stopriots2020|2
2020-05-29|18:45:03|stopriots2020|2
2020-05-30|02:26:31|argonaaut_|2
2020-05-30|12:37:44|argonaaut_|2
2020-05-30|12:44:45|argonaaut_|2
2020-05-30|13:20:42|stopriots2020|2
2020-05-31|09:56:30|argonaaut_|2
2020-05-31|10:02:51|argonaaut_|2
2020-05-31|10:08:44|argonaaut_|2
2020-05-31|11:09:19|asanteblackk|2
2020-05-31|13:43:48|argonaaut_|2
2020-05-31|13:48:02|argonaaut_|2
2020-05-31|14:54:22|argonaaut_|2
2020-05-31|15:35:32|argonaaut_|2
2020-05-31|15:35:45|argonaaut_|2
2020-05-31|22:28:55|stopriots2020|2
2020-06-01|01:17:21|veroniccaaa00|2
2020-06-01|06:16:08|argonaaut_|2
2020-06-01|07:56:33|the_full_octave|2
2020-06-01|07:58:45|argonaaut_|2
2020-06-01|08:02:27|argonaaut_|2
2020-06-01|08:09:02|diko_van|2
2020-06-01|08:11:33|argonaaut_|2
2020-06-01|08:12:11|argonaaut_|2
2020-06-01|08:46:57|diko_van|2
2020-06-01|09:51:35|argonaaut_|2
2018-04-26|15:39:13|diko_van|1
2018-05-12|12:03:58|diko_van|1
2018-05-12|12:18:35|diko_van|1
2018-08-11|16:38:57|diko_van|1
2019-03-02|09:22:04|diko_van|1
2019-03-26|16:26:16|juicyfruityyy|1
2019-04-15|12:59:44|diko_van|1
2019-10-04|02:30:00|diko_van|1
2019-10-26|03:04:51|argonaaut_|1
2019-10-30|16:10:36|argonaaut_|1
2020-01-19|03:09:45|argonaaut_|1
2020-02-01|10:14:41|argonaaut_|1
2020-02-10|01:53:27|argonaaut_|1
2020-03-01|12:33:32|argonaaut_|1
2020-03-07|12:47:48|argonaaut_|1
2020-03-07|15:59:53|marniethedog|1
2020-03-11|02:43:08|argonaaut_|1
2020-03-12|03:11:32|argonaaut_|1
2020-03-22|09:26:20|argonaaut_|1
2020-03-22|09:38:25|argonaaut_|1
2020-03-22|09:38:48|argonaaut_|1
2020-03-22|10:22:12|argonaaut_|1
2020-03-22|10:38:55|argonaaut_|1
2020-03-25|11:07:23|argonaaut_|1
2020-03-27|12:21:57|argonaaut_|1
2020-03-27|12:26:18|argonaaut_|1
2020-03-27|13:11:47|argonaaut_|1
2020-03-27|13:22:49|argonaaut_|1
2020-03-28|13:52:38|argonaaut_|1
2020-03-31|17:02:09|argonaaut_|1
2020-03-31|17:13:01|argonaaut_|1
2020-04-02|04:32:26|argonaaut_|1
2020-04-03|04:41:53|argonaaut_|1
2020-04-03|17:09:13|argonaaut_|1
2020-04-06|07:24:46|argonaaut_|1
2020-04-06|15:44:50|argonaaut_|1
2020-04-06|15:45:03|argonaaut_|1
2020-04-08|14:20:07|argonaaut_|1
2020-04-09|11:42:15|argonaaut_|1
2020-04-09|11:42:37|argonaaut_|1
2020-04-13|11:12:39|argonaaut_|1
2020-04-14|11:07:14|argonaaut_|1
2020-04-14|11:19:09|argonaaut_|1
2020-04-14|11:22:11|argonaaut_|1
2020-04-14|11:35:11|argonaaut_|1
2020-04-14|11:37:53|argonaaut_|1
2020-04-14|12:32:59|argonaaut_|1
2020-04-14|13:14:46|argonaaut_|1
2020-04-14|15:57:09|argonaaut_|1
2020-04-14|15:58:50|argonaaut_|1
2020-04-14|16:00:56|argonaaut_|1
2020-04-16|02:17:54|argonaaut_|1
2020-04-16|05:50:29|argonaaut_|1
2020-04-16|07:00:06|argonaaut_|1
2020-04-16|17:26:26|argonaaut_|1
2020-04-17|14:03:58|argonaaut_|1
2020-04-18|15:14:11|argonaaut_|1
2020-04-18|15:15:27|argonaaut_|1
2020-04-19|03:45:30|argonaaut_|1
2020-04-19|03:46:37|argonaaut_|1
2020-04-20|03:31:35|argonaaut_|1
2020-04-20|06:33:30|argonaaut_|1
2020-04-20|09:09:27|argonaaut_|1
2020-04-20|10:11:03|argonaaut_|1
2020-04-20|11:43:08|argonaaut_|1
2020-04-20|12:51:07|argonaaut_|1
2020-04-20|23:31:53|blindingrep|1
2020-04-21|08:30:30|argonaaut_|1
2020-04-21|10:55:32|argonaaut_|1
2020-04-21|13:30:10|argonaaut_|1
2020-04-21|15:55:30|argonaaut_|1
2020-04-22|01:28:03|argonaaut_|1
2020-04-22|15:25:08|argonaaut_|1
2020-04-22|15:25:44|argonaaut_|1
2020-04-22|15:26:47|argonaaut_|1
2020-04-22|15:27:41|argonaaut_|1
2020-04-23|03:44:47|argonaaut_|1
2020-04-23|03:48:46|argonaaut_|1
2020-04-23|07:37:41|argonaaut_|1
2020-04-23|07:59:22|argonaaut_|1
2020-04-23|16:25:30|argonaaut_|1
2020-04-23|16:30:44|argonaaut_|1
2020-04-24|01:19:39|argonaaut_|1
2020-04-24|03:55:23|argonaaut_|1
2020-04-25|12:52:19|argonaaut_|1
2020-04-26|09:45:29|argonaaut_|1
2020-04-26|09:48:07|argonaaut_|1
2020-04-26|09:53:15|argonaaut_|1
2020-04-26|13:18:58|argonaaut_|1
2020-04-28|14:11:50|argonaaut_|1
2020-04-29|01:53:17|argonaaut_|1
2020-04-30|12:30:41|argonaaut_|1
2020-04-30|12:36:09|argonaaut_|1
2020-05-01|02:54:49|argonaaut_|1
2020-05-01|15:59:18|argonaaut_|1
2020-05-01|16:07:26|argonaaut_|1
2020-05-02|08:20:43|argonaaut_|1
2020-05-02|08:25:32|argonaaut_|1
2020-05-04|02:31:11|argonaaut_|1
2020-05-04|02:34:15|argonaaut_|1
2020-05-05|02:39:04|argonaaut_|1
2020-05-06|02:15:27|argonaaut_|1
2020-05-06|03:28:29|argonaaut_|1
2020-05-06|12:53:57|argonaaut_|1
2020-05-06|12:54:49|argonaaut_|1
2020-05-06|13:08:25|argonaaut_|1
2020-05-07|08:30:21|argonaaut_|1
2020-05-09|16:04:46|argonaaut_|1
2020-05-10|02:47:05|argonaaut_|1
2020-05-10|02:49:45|argonaaut_|1
2020-05-10|02:51:20|argonaaut_|1
2020-05-10|07:45:19|argonaaut_|1
2020-05-10|09:36:13|argonaaut_|1
2020-05-11|01:16:13|argonaaut_|1
2020-05-11|01:23:28|argonaaut_|1
2020-05-11|01:53:09|argonaaut_|1
2020-05-12|04:08:25|argonaaut_|1
2020-05-12|06:31:12|argonaaut_|1
2020-05-12|06:32:14|argonaaut_|1
2020-05-12|06:35:47|argonaaut_|1
2020-05-12|16:10:01|argonaaut_|1
2020-05-13|06:24:04|argonaaut_|1
2020-05-13|06:29:52|argonaaut_|1
2020-05-13|12:11:38|argonaaut_|1
2020-05-13|12:14:40|argonaaut_|1
2020-05-13|12:22:39|argonaaut_|1
2020-05-13|12:35:19|argonaaut_|1
2020-05-13|12:35:21|argonaaut_|1
2020-05-13|12:35:23|argonaaut_|1
2020-05-13|12:35:25|argonaaut_|1
2020-05-14|05:36:01|argonaaut_|1
2020-05-14|05:36:03|argonaaut_|1
2020-05-14|05:36:05|argonaaut_|1
2020-05-14|05:36:07|argonaaut_|1
2020-05-14|12:54:01|argonaaut_|1
2020-05-14|12:59:36|argonaaut_|1
2020-05-15|01:28:18|argonaaut_|1
2020-05-15|01:29:09|argonaaut_|1
2020-05-15|01:37:03|argonaaut_|1
2020-05-15|03:58:44|argonaaut_|1
2020-05-15|05:42:58|argonaaut_|1
2020-05-15|13:01:32|argonaaut_|1
2020-05-15|13:09:07|argonaaut_|1
2020-05-15|14:39:51|argonaaut_|1
2020-05-15|14:40:01|argonaaut_|1
2020-05-15|16:40:19|argonaaut_|1
2020-05-15|16:51:09|argonaaut_|1
2020-05-15|16:53:03|argonaaut_|1
2020-05-16|01:39:18|argonaaut_|1
2020-05-16|04:42:51|argonaaut_|1
2020-05-16|06:53:05|argonaaut_|1
2020-05-16|13:56:15|argonaaut_|1
2020-05-16|13:58:26|argonaaut_|1
2020-05-17|04:30:47|argonaaut_|1
2020-05-17|05:00:59|argonaaut_|1
2020-05-17|06:15:56|argonaaut_|1
2020-05-17|14:23:21|argonaaut_|1
2020-05-17|14:27:04|argonaaut_|1
2020-05-17|16:00:10|argonaaut_|1
2020-05-17|17:01:50|argonaaut_|1
2020-05-18|02:52:31|argonaaut_|1
2020-05-18|02:52:58|argonaaut_|1
2020-05-18|02:53:06|argonaaut_|1
2020-05-18|02:56:04|argonaaut_|1
2020-05-18|02:56:15|argonaaut_|1
2020-05-18|02:56:38|argonaaut_|1
2020-05-18|12:04:26|argonaaut_|1
2020-05-18|12:04:57|argonaaut_|1
2020-05-18|12:31:35|argonaaut_|1
2020-05-18|15:59:14|argonaaut_|1
2020-05-19|02:33:02|argonaaut_|1
2020-05-19|02:47:11|argonaaut_|1
2020-05-19|02:47:54|argonaaut_|1
2020-05-19|05:58:45|argonaaut_|1
2020-05-19|08:28:15|argonaaut_|1
2020-05-19|11:54:41|argonaaut_|1
2020-05-19|12:04:23|argonaaut_|1
2020-05-19|13:03:40|argonaaut_|1
2020-05-19|15:21:42|argonaaut_|1
2020-05-20|02:11:43|argonaaut_|1
2020-05-20|03:50:06|argonaaut_|1
2020-05-20|05:45:17|argonaaut_|1
2020-05-20|12:35:11|argonaaut_|1
2020-05-21|03:13:39|argonaaut_|1
2020-05-21|03:17:32|argonaaut_|1
2020-05-21|03:40:17|argonaaut_|1
2020-05-22|03:58:49|argonaaut_|1
2020-05-22|07:29:59|argonaaut_|1
2020-05-22|11:44:50|stopriots2020|1
2020-05-22|19:32:40|stopriots2020|1
2020-05-22|19:32:45|stopriots2020|1
2020-05-22|19:32:55|stopriots2020|1
2020-05-23|09:23:23|stopriots2020|1
2020-05-23|13:48:18|stopriots2020|1
2020-05-23|13:50:31|stopriots2020|1
2020-05-23|15:32:40|argonaaut_|1
2020-05-25|03:02:02|argonaaut_|1
2020-05-25|03:07:15|argonaaut_|1
2020-05-25|05:21:59|argonaaut_|1
2020-05-25|05:24:14|argonaaut_|1
2020-05-26|06:34:28|argonaaut_|1
2020-05-26|06:43:58|argonaaut_|1
2020-05-26|08:55:34|argonaaut_|1
2020-05-26|11:38:03|argonaaut_|1
2020-05-26|13:37:53|stopriots2020|1
2020-05-26|14:08:56|stopriots2020|1
2020-05-26|14:09:03|stopriots2020|1
2020-05-26|14:09:14|stopriots2020|1
2020-05-26|21:16:03|stopriots2020|1
2020-05-27|02:56:17|argonaaut_|1
2020-05-27|07:12:17|stopriots2020|1
2020-05-27|09:03:15|stopriots2020|1
2020-05-27|09:03:25|stopriots2020|1
2020-05-27|09:03:39|stopriots2020|1
2020-05-27|09:08:01|stopriots2020|1
2020-05-27|13:36:07|stopriots2020|1
2020-05-27|13:37:24|stopriots2020|1
2020-05-27|14:38:37|stopriots2020|1
2020-05-27|15:02:59|argonaaut_|1
2020-05-27|16:43:18|argonaaut_|1
2020-05-28|04:17:29|argonaaut_|1
2020-05-28|08:12:04|argonaaut_|1
2020-05-28|08:23:18|stopriots2020|1
2020-05-28|11:07:51|stopriots2020|1
2020-05-29|12:10:39|argonaaut_|1
2020-05-29|12:18:40|stopriots2020|1
2020-05-29|12:48:20|argonaaut_|1
2020-05-29|13:07:33|argonaaut_|1
2020-05-29|13:25:34|argonaaut_|1
2020-05-29|13:25:50|argonaaut_|1
2020-05-29|14:45:00|argonaaut_|1
2020-05-29|15:39:23|stopriots2020|1
2020-05-29|15:53:58|argonaaut_|1
2020-05-29|15:54:33|argonaaut_|1
2020-05-29|16:00:31|stopriots2020|1
2020-05-29|17:29:35|argonaaut_|1
2020-05-30|11:47:38|stopriots2020|1
2020-06-01|01:10:50|harllls_|1
2020-06-01|09:01:06|dergin404|1
2020-06-01|12:55:54|caths_laflame|1
